<application>
  <component name="AtomFileIconsConfig">
    <option name="arrowsStyle" value="None" />
    <option name="customIconSize" value="12" />
    <option name="customLineHeight" value="18" />
    <option name="enabledDirectories" value="false" />
    <option name="enabledIcons" value="false" />
    <option name="enabledPsiIcons" value="false" />
    <option name="enabledUIIcons" value="false" />
    <option name="hasCustomIconSize" value="true" />
    <option name="hasCustomLineHeight" value="true" />
    <option name="hideFileIcons" value="true" />
    <option name="hideFolderIcons" value="true" />
    <option name="monochromeIcons" value="true" />
    <option name="useHollowFolders" value="false" />
  </component>
</application>