<application>
  <component name="AdvancedSettings">
    <option name="settings">
      <map>
        <entry key="bigger.font.in.project.view" value="true" />
        <entry key="database.show.search.tab" value="true" />
        <entry key="editor.distraction.free.margin" value="-10" />
        <entry key="editor.gutter.linenumber.font.size.delta" value="1" />
        <entry key="floating.codeToolbar.hide" value="true" />
        <entry key="git.search.everywhere.tab.enabled" value="true" />
        <entry key="markdown.hide.floating.toolbar" value="true" />
        <entry key="terminal.fill.character.background.including.line.spacing" value="true" />
        <entry key="vcs.non.modal.commit.toggle.ui" value="true" />
      </map>
    </option>
  </component>
</application>