<application>
  <component name="Go">
    <option name="convertJsonOnPaste" value="YES" />
    <option name="indentOnEnterInRawStrings" value="true" />
    <option name="renameCorrespondingTestOrProductionFile" value="YES" />
    <option name="renameDirectoryOnPackageRenaming" value="YES" />
    <option name="renamePackageOnDirectoryRenaming" value="YES" />
    <option name="renameSearchNonCodeForVariable" value="true" />
    <option name="showDocumentationInParameterPopup" value="true" />
  </component>
  <component name="GoFoldingSettings">
    <option name="isFmtStrings" value="true" />
  </component>
</application>