<application>
  <component name="FindSettings">
    <option name="customScope" value="Project Files" />
    <option name="defaultScopeName" value="Project Files" />
    <option name="localWholeWordsOnly" value="true" />
    <option name="skipResultsWithOneUsage" value="true" />
    <option name="SKIP_RESULTS_WHEN_ONE_USAGE" value="true" />
    <option name="LOCAL_WHOLE_WORDS_ONLY" value="true" />
    <option name="SEARCH_SCOPE" value="Project Files" />
    <mask>*.css</mask>
    <mask>*.html</mask>
    <mask>*.xml</mask>
    <mask>*.go2</mask>
    <mask>*.go</mask>
  </component>
</application>