<application>
  <component name="GoSdkList">
    <sdk-url>
      <set>
        <option value="file://$USER_HOME$/go/pkg/mod/golang.org/toolchain@v0.0.1-go1.21.1.linux-amd64" />
        <option value="file://$USER_HOME$/go/pkg/mod/golang.org/toolchain@v0.0.1-go1.21.3.linux-amd64" />
        <option value="file://$USER_HOME$/go/pkg/mod/golang.org/toolchain@v0.0.1-go1.21.4.linux-amd64" />
        <option value="file://$USER_HOME$/go/pkg/mod/golang.org/toolchain@v0.0.1-go1.21.6.linux-amd64" />
        <option value="file://$USER_HOME$/go/pkg/mod/golang.org/toolchain@v0.0.1-go1.22.0.linux-amd64" />
        <option value="file://$USER_HOME$/go/pkg/mod/golang.org/toolchain@v0.0.1-go1.22.1.linux-amd64" />
        <option value="file://$USER_HOME$/go/pkg/mod/golang.org/toolchain@v0.0.1-go1.22.2.linux-amd64" />
        <option value="file://$USER_HOME$/go/pkg/mod/golang.org/toolchain@v0.0.1-go1.22.3.linux-amd64" />
        <option value="file://$USER_HOME$/go/pkg/mod/golang.org/toolchain@v0.0.1-go1.22.4.linux-amd64" />
        <option value="file://$USER_HOME$/go/pkg/mod/golang.org/toolchain@v0.0.1-go1.22.5.linux-amd64" />
        <option value="file://$USER_HOME$/go/pkg/mod/golang.org/toolchain@v0.0.1-go1.23.0.linux-amd64" />
        <option value="file:///usr/local/go118" />
        <option value="file:///usr/local/go120" />
        <option value="file:///usr/local/go121" />
        <option value="file:///usr/local/go122" />
        <option value="file:///usr/local/go123" />
      </set>
    </sdk-url>
  </component>
</application>