<application>
  <component name="GraziConfig">
    <option name="userEnabledRules">
      <set>
        <option value="Grazie.RuleEngine.En.Typography.SMART_APOSTROPHE" />
        <option value="Grazie.RuleEngine.En.Style.COLLOQUIAL_SPEECH" />
        <option value="Grazie.RuleEngine.En.Style.REDUCIBLE_RELATIVE_CLAUSE" />
        <option value="Grazie.RuleEngine.En.Style.PRONOUN_SECOND_PERSON" />
        <option value="Grazie.RuleEngine.En.Style.INFORMAL_SHORT_FORMS" />
        <option value="Grazie.RuleEngine.En.Style.PASSIVE_VOICE" />
      </set>
    </option>
    <option name="suppressingContext">
      <SuppressingContext>
        <option name="suppressed">
          <set>
            <option value="0:|To run all available tests in the suite, provide comma-separated values from 0 to 5, where 0: Unit Tests" />
            <option value="0:|To run all available tests in the suite, provide comma-separated values from 0 to 5, where 0: Unit Tests, 1: Mutation Tests, 2: Fuzz Tests, 3: Integration Tests, 4: Integration Tests with Profiling enabled, 5: Benchmark Tests." />
            <option value="a very happy|and a very happy weekend!&lt;/br&gt;" />
            <option value="handled|All the complexities of establishing and maintaining a network connection, and handling cache native data types, operators, and functions of your cache instance, are handled by this module." />
            <option value="not empty|queue not empty" />
            <option value="validation|- Restructured cache module - Updated submodule constants and logs - Updated method signatures for IOperations in cache module and removed HMGetAll - Removed connection adapter from cache module and added model.go to cache module internal - Added CacheType validation" />
          </set>
        </option>
      </SuppressingContext>
    </option>
    <option name="checkingContext">
      <CheckingContext>
        <option name="isCheckInStringLiteralsEnabled" value="true" />
        <option name="enabledLanguages">
          <set>
            <option value="Rust" />
          </set>
        </option>
      </CheckingContext>
    </option>
  </component>
</application>