<application>
  <component name="GrazieProConfig">
    <option name="explicitlyChosenProcessing" value="Cloud" />
    <option name="completion" value="Popup" />
    <option name="completionProfile" value="Always" />
    <option name="styleProfile" value="JetBrainsDocumentation" />
    <option name="parameters">
      <map>
        <entry key="ENGLISH">
          <value>
            <map />
          </value>
        </entry>
      </map>
    </option>
    <option name="posHighlighting">
      <set>
        <option value="NOUN" />
        <option value="VERB" />
        <option value="ADJECTIVE" />
        <option value="ADVERB" />
        <option value="CONJUNCTION" />
      </set>
    </option>
    <option name="structuralWrap" value="true" />
    <option name="structuralSelection" value="true" />
    <option name="autoFix" value="true" />
    <option name="enableValeAnnotations" value="true" />
  </component>
</application>