<application>
  <component name="MaterialThemeNewConfig">
    <option name="accentState">
      <MTAccentConfigState>
        <option name="accentColorHex" value="7cb342" />
        <option name="overrideAccentColor" value="false" />
      </MTAccentConfigState>
    </option>
    <option name="compactState">
      <MTCompactConfigState>
        <option name="compactDropdowns" value="true" />
        <option name="compactFields" value="true" />
        <option name="compactMenus" value="true" />
        <option name="compactTables" value="true" />
        <option name="customListItemSize" value="22" />
      </MTCompactConfigState>
    </option>
    <option name="metadata">
      <MTMetadataState>
        <option name="migrated" value="true" />
        <option name="pristineConfig" value="false" />
        <option name="userId" value="6c3bcf08:18c8befb678:-8000" />
        <option name="version" value="9.5.0" />
        <option name="wizardShown" value="true" />
      </MTMetadataState>
    </option>
    <option name="otherTweaksState">
      <MTOtherTweaksConfigState>
        <option name="showWhatsNew" value="false" />
        <option name="showWizardOnWelcome" value="false" />
      </MTOtherTweaksConfigState>
    </option>
    <option name="tabsState">
      <MTTabsConfigState>
        <option name="animatedTabs" value="false" />
        <option name="tabSeparatorsEnabled" value="false" />
        <option name="tabsHeight" value="24" />
      </MTTabsConfigState>
    </option>
    <option name="uiComponentsState">
      <MTUiComponentsConfigState>
        <option name="materialDesignStyle" value="V1" />
      </MTUiComponentsConfigState>
    </option>
  </component>
</application>