<application>
  <component name="Trusted.Paths">
    <option name="TRUSTED_PROJECT_PATHS">
      <map>
        <entry key="$USER_HOME$/Code/practice/open-source/cli" value="true" />
        <entry key="$USER_HOME$/Code/practice/open-source/gorm" value="true" />
        <entry key="$USER_HOME$/Code/practice/open-source/hollywood" value="true" />
        <entry key="$USER_HOME$/Code/practice/personal/in-store-payment-acceptance-main-4" value="true" />
        <entry key="$USER_HOME$/Code/practice/personal/shashank-priyadarshi" value="true" />
        <entry key="$USER_HOME$/Code/practice/personal/upgraded-disco" value="true" />
        <entry key="$USER_HOME$/go" value="true" />
        <entry key="$USER_HOME$/go/src/git.npci.org.in/idfp/symphony" value="true" />
        <entry key="$USER_HOME$/go/src/git.npci.org.in/temp" value="true" />
        <entry key="$USER_HOME$/go/src/git.npci.org.in/vajra/bench" value="true" />
        <entry key="$USER_HOME$/go/src/git.npci.org.in/vajra/distributed-kv" value="true" />
        <entry key="$USER_HOME$/go/src/git.npci.org.in/vajra/fabric-sdk-go" value="true" />
        <entry key="$USER_HOME$/go/src/git.npci.org.in/vajra/hyperledger-fabric-sharding" value="true" />
        <entry key="$USER_HOME$/go/src/git.npci.org.in/vajra/lite-pso" value="true" />
        <entry key="$USER_HOME$/go/src/git.npci.org.in/vajra/ubc-core" value="true" />
        <entry key="$USER_HOME$/go/src/git.npci.org.in/vajra/ubc-gateway" value="true" />
        <entry key="$USER_HOME$/go/src/github.com/harshadmanglani/polaris" value="true" />
        <entry key="$USER_HOME$/go/src/github.com/hyperledger/fabric" value="true" />
        <entry key="$USER_HOME$/go/src/github.com/keshu12345/guardianlink" value="true" />
        <entry key="$USER_HOME$/go/src/github.com/orchestration" value="true" />
        <entry key="$USER_HOME$/go/src/github.com/redis/go-redis" value="true" />
        <entry key="$USER_HOME$/go/src/github.com/shashank-priyadarshi/bench" value="true" />
        <entry key="$USER_HOME$/go/src/github.com/shashank-priyadarshi/chatty" value="true" />
        <entry key="$USER_HOME$/go/src/github.com/shashank-priyadarshi/emp" value="true" />
        <entry key="$USER_HOME$/go/src/github.com/shashank-priyadarshi/go-mutest" value="true" />
        <entry key="$USER_HOME$/go/src/github.com/shashank-priyadarshi/go-mutesting" value="true" />
        <entry key="$USER_HOME$/go/src/github.com/shashank-priyadarshi/govanityurls" value="true" />
        <entry key="$USER_HOME$/go/src/github.com/shashank-priyadarshi/inflict" value="true" />
        <entry key="$USER_HOME$/go/src/github.com/shashank-priyadarshi/linclist" value="true" />
        <entry key="$USER_HOME$/go/src/github.com/shashank-priyadarshi/scrappy" value="true" />
        <entry key="$USER_HOME$/go/src/github.com/shashank-priyadarshi/symmetrical-broccoli" value="true" />
        <entry key="$USER_HOME$/go/src/github.com/shashank-priyadarshi/tasker" value="true" />
        <entry key="$USER_HOME$/go/src/github.com/shashank-priyadarshi/template" value="true" />
        <entry key="$USER_HOME$/go/src/github.com/shashank-priyadarshi/upgraded-disco" value="true" />
        <entry key="$USER_HOME$/go/src/github.com/shashank-priyadarshi/utilities" value="true" />
        <entry key="$USER_HOME$/go/src/github.com/shashank-priyadarshi/worker" value="true" />
        <entry key="$USER_HOME$/go/src/github.com/shashank-priyadarshi/zap-logger" value="true" />
        <entry key="$USER_HOME$/go/src/github.com/temporal-ecommerce" value="true" />
        <entry key="$USER_HOME$/go/src/github.com/temporalio/samples-go" value="true" />
        <entry key="$USER_HOME$/go/src/github.com/temporalio/temporal-ecommerce" value="true" />
        <entry key="$USER_HOME$/go/src/go.ssnk.in/utils" value="true" />
        <entry key="$USER_HOME$/go/src/go.ssnk.in/vanity" value="true" />
        <entry key="$USER_HOME$/go/src/google.golang.org/grpc-go" value="true" />
        <entry key="$USER_HOME$/go/src/samples" value="true" />
        <entry key="$USER_HOME$/ubc-gateway" value="true" />
      </map>
    </option>
  </component>
  <component name="Trusted.Paths.Settings">
    <option name="TRUSTED_PATHS">
      <list>
        <option value="$USER_HOME$" />
      </list>
    </option>
  </component>
</application>