<application>
  <component name="DimensionService">
    <location key="find.popup.0.0.1920.1080@120dpi" x="442" y="264" />
    <location key="find.popup.3840.0.6144.3456@216dpi" x="5907" y="0" />
    <location key="find.popup.0.0.1920.1080" x="109" y="35" />
    <location key="find.popup.3840.0.6144.3456@192dpi" x="5907" y="0" />
    <location key="find.popup.3840.0.6144.3456@168dpi" x="5254" y="758" />
    <location key="find.popup.0.0.1920.1080@168dpi" x="109" y="35" />
    <location key="find.popup.0.0.3840.2160@168dpi" x="1293" y="451" />
    <location key="find.popup.1920.0.3840.2160@192dpi" x="2837" y="170" />
    <location key="find.popup.1920.0.3840.2160@168dpi" x="2804" y="474" />
    <location key="find.popup.1920.0.2560.1080@168dpi" x="2531" y="82" />
    <location key="find.popup.0.0.1920.1080@144dpi" x="109" y="35" />
    <location key="find.popup.3840.0.6144.3456@144dpi" x="5907" y="0" />
    <location key="find.popup.1920.0.3840.2160@120dpi" x="2804" y="473" />
    <location key="find.popup.1920.0.2560.1080@120dpi" x="2429" y="118" />
    <size key="find.popup.0.0.1920.1080@120dpi" width="796" height="694" />
    <size key="find.popup.3840.0.6144.3456@216dpi" width="2592" height="3456" />
    <size key="find.popup.0.0.1920.1080" width="1810" height="974" />
    <size key="find.popup.3840.0.6144.3456@192dpi" width="3684" height="3010" />
    <size key="find.popup.3840.0.6144.3456@168dpi" width="1869" height="1054" />
    <size key="GridCell.Tab.0.left.0.0.1920.1080@120dpi" width="1920" height="406" />
    <size key="GridCell.Tab.0.center.0.0.1920.1080@120dpi" width="1920" height="406" />
    <size key="GridCell.Tab.0.right.0.0.1920.1080@120dpi" width="1920" height="406" />
    <size key="GridCell.Tab.0.bottom.0.0.1920.1080@120dpi" width="1920" height="406" />
    <size key="GridCell.Tab.1.left.0.0.1920.1080@120dpi" width="1239" height="404" />
    <size key="GridCell.Tab.1.center.0.0.1920.1080@120dpi" width="1239" height="404" />
    <size key="GridCell.Tab.1.right.0.0.1920.1080@120dpi" width="1239" height="404" />
    <size key="GridCell.Tab.1.bottom.0.0.1920.1080@120dpi" width="1239" height="404" />
    <size key="find.popup.0.0.1920.1080@168dpi" width="1810" height="974" />
    <size key="find.popup.0.0.3840.2160@168dpi" width="1152" height="968" />
    <size key="GridCell.Tab.0.left.0.0.1920.1080@168dpi" width="1324" height="246" />
    <size key="GridCell.Tab.0.center.0.0.1920.1080@168dpi" width="1324" height="246" />
    <size key="GridCell.Tab.0.right.0.0.1920.1080@168dpi" width="1324" height="246" />
    <size key="GridCell.Tab.0.bottom.0.0.1920.1080@168dpi" width="1324" height="246" />
    <size key="find.popup.1920.0.3840.2160@192dpi" width="2303" height="1882" />
    <size key="find.popup.1920.0.3840.2160@168dpi" width="1169" height="1116" />
    <size key="find.popup.1920.0.2560.1080@168dpi" width="1536" height="998" />
    <size key="find.popup.0.0.1920.1080@144dpi" width="1810" height="974" />
    <size key="find.popup.3840.0.6144.3456@144dpi" width="3684" height="3010" />
    <size key="GridCell.Tab.0.left.0.0.1920.1080@144dpi" width="1920" height="743" />
    <size key="GridCell.Tab.0.center.0.0.1920.1080@144dpi" width="1920" height="743" />
    <size key="GridCell.Tab.0.right.0.0.1920.1080@144dpi" width="1920" height="743" />
    <size key="GridCell.Tab.0.bottom.0.0.1920.1080@144dpi" width="1920" height="743" />
    <size key="GridCell.Tab.0.left.1920.0.3840.2160@120dpi" width="3840" height="900" />
    <size key="GridCell.Tab.0.center.1920.0.3840.2160@120dpi" width="3840" height="900" />
    <size key="GridCell.Tab.0.right.1920.0.3840.2160@120dpi" width="3840" height="900" />
    <size key="GridCell.Tab.0.bottom.1920.0.3840.2160@120dpi" width="3840" height="900" />
    <size key="GridCell.Tab.1.left.1920.0.3840.2160@120dpi" width="3840" height="644" />
    <size key="GridCell.Tab.1.center.1920.0.3840.2160@120dpi" width="3840" height="644" />
    <size key="GridCell.Tab.1.right.1920.0.3840.2160@120dpi" width="3840" height="644" />
    <size key="GridCell.Tab.1.bottom.1920.0.3840.2160@120dpi" width="3840" height="644" />
    <size key="find.popup.1920.0.3840.2160@120dpi" width="1592" height="1447" />
    <size key="GridCell.Tab.2.left.0.0.1920.1080@120dpi" width="1239" height="404" />
    <size key="GridCell.Tab.2.center.0.0.1920.1080@120dpi" width="1239" height="404" />
    <size key="GridCell.Tab.2.right.0.0.1920.1080@120dpi" width="1239" height="404" />
    <size key="GridCell.Tab.2.bottom.0.0.1920.1080@120dpi" width="1239" height="404" />
    <size key="find.popup.1920.0.2560.1080@120dpi" width="1062" height="724" />
  </component>
  <component name="WindowManager">
    <frame x="260" y="57" width="1400" height="1000" extendedState="6" fullScreen="true" />
  </component>
  <component name="WindowStateApplicationService">
    <state x="690" y="252" width="530" height="617" key="FileChooserDialogImpl" timestamp="1719328425054">
      <screen x="0" y="35" width="1920" height="1045" />
    </state>
    <state x="690" y="252" width="530" height="617" key="FileChooserDialogImpl/0.35.1920.1045" timestamp="1719328425054" />
    <state width="797" height="177" key="ShowUsagesActions.dimensionServiceKey" timestamp="1722234516978">
      <screen x="0" y="35" width="1920" height="1045" />
    </state>
    <state width="797" height="177" key="ShowUsagesActions.dimensionServiceKey/0.35.1920.1045" timestamp="1722234516978" />
    <state width="1086" height="142" key="ShowUsagesActions.dimensionServiceKey/0.35.1920.1045/1920.0.3840.2160" timestamp="1717509134435" />
    <state width="1065" height="297" key="ShowUsagesActions.dimensionServiceKey/0.70.3840.2090/3840.0.6144.3456" timestamp="1713769773511" />
    <state x="960" y="557" width="1400" height="1045" key="WELCOME_SCREEN" timestamp="1719328360746">
      <screen x="0" y="35" width="1920" height="1045" />
    </state>
    <state x="960" y="557" width="1400" height="1045" key="WELCOME_SCREEN/0.35.1920.1045" timestamp="1719328360746" />
  </component>
</application>