<keymap version="1" name="GNOME copy" parent="Default for GNOME">
  <action id="AIAssistant.ToolWindow.ShowOrFocus">
    <keyboard-shortcut first-keystroke="alt a" second-keystroke="i" />
  </action>
  <action id="ActivateBigDataToolWindowToolWindow">
    <keyboard-shortcut first-keystroke="shift ctrl alt b" />
  </action>
  <action id="ActivateChatGPTToolToolWindow">
    <keyboard-shortcut first-keystroke="shift ctrl g" second-keystroke="g" />
  </action>
  <action id="ActivateCodiumAIStructureToolWindow">
    <keyboard-shortcut first-keystroke="alt a" second-keystroke="s" />
  </action>
  <action id="ActivateCodiumAIToolWindow">
    <keyboard-shortcut first-keystroke="alt a" second-keystroke="o" />
  </action>
  <action id="ActivateTODOToolWindow">
    <keyboard-shortcut first-keystroke="alt t" />
  </action>
  <action id="BigDataTools.CopyFilePathAction">
    <keyboard-shortcut first-keystroke="shift alt p" />
  </action>
  <action id="CloseActiveTab">
    <keyboard-shortcut first-keystroke="shift alt w" />
  </action>
  <action id="CloseContent">
    <keyboard-shortcut first-keystroke="alt w" />
  </action>
  <action id="CommentByBlockComment">
    <keyboard-shortcut first-keystroke="shift ctrl alt back_slash" />
  </action>
  <action id="CustomLineHeightAction">
    <keyboard-shortcut first-keystroke="alt h" second-keystroke="alt c" />
  </action>
  <action id="DevDocs.Search">
    <keyboard-shortcut first-keystroke="shift alt quote" second-keystroke="quote" />
  </action>
  <action id="DevDocs.SearchAll">
    <keyboard-shortcut first-keystroke="shift alt quote" />
  </action>
  <action id="EditorCloneCaretAbove">
    <keyboard-shortcut first-keystroke="ctrl alt quote" />
  </action>
  <action id="EditorCloneCaretBelow">
    <keyboard-shortcut first-keystroke="ctrl alt slash" />
  </action>
  <action id="EditorDecreaseFontSize">
    <keyboard-shortcut first-keystroke="shift alt minus" />
  </action>
  <action id="EditorDuplicateLines">
    <keyboard-shortcut first-keystroke="alt c" />
  </action>
  <action id="EditorIncreaseFontSize">
    <keyboard-shortcut first-keystroke="shift alt equals" />
  </action>
  <action id="EditorIndentLineOrSelection">
    <keyboard-shortcut first-keystroke="shift alt f" />
  </action>
  <action id="EditorJoinLines" />
  <action id="EditorToggleShowGutterIcons">
    <mouse-shortcut keystroke="shift control alt button3" />
  </action>
  <action id="EditorToggleShowLineNumbers">
    <keyboard-shortcut first-keystroke="shift alt l" />
  </action>
  <action id="EditorToggleUseSoftWraps">
    <keyboard-shortcut first-keystroke="alt z" />
  </action>
  <action id="ExportSettings">
    <keyboard-shortcut first-keystroke="shift ctrl alt period" />
  </action>
  <action id="ExtractInterface">
    <keyboard-shortcut first-keystroke="shift ctrl alt i" />
  </action>
  <action id="InsertLiveTemplate" />
  <action id="MTCompactSidebarAction">
    <keyboard-shortcut first-keystroke="alt l" second-keystroke="alt h" />
  </action>
  <action id="MTOverrideAccent">
    <keyboard-shortcut first-keystroke="shift ctrl semicolon" />
  </action>
  <action id="NextSplitter">
    <keyboard-shortcut first-keystroke="shift alt x" />
  </action>
  <action id="PrevSplitter">
    <keyboard-shortcut first-keystroke="shift alt y" />
  </action>
  <action id="ReopenClosedTab">
    <keyboard-shortcut first-keystroke="shift alt t" />
  </action>
  <action id="RunInspection" />
  <action id="ShowGutterIconsSettings">
    <mouse-shortcut keystroke="control alt button3" />
  </action>
  <action id="SplitHorizontally">
    <keyboard-shortcut first-keystroke="shift alt d" second-keystroke="d" />
  </action>
  <action id="SplitVertically">
    <keyboard-shortcut first-keystroke="shift alt s" />
  </action>
  <action id="StretchSplitToBottom">
    <keyboard-shortcut first-keystroke="ctrl alt 3" />
  </action>
  <action id="StretchSplitToLeft">
    <keyboard-shortcut first-keystroke="ctrl alt 1" />
  </action>
  <action id="StretchSplitToRight">
    <keyboard-shortcut first-keystroke="ctrl alt 0" />
  </action>
  <action id="StretchSplitToTop">
    <keyboard-shortcut first-keystroke="ctrl alt 2" />
  </action>
  <action id="TerminalDecreaseFontSize">
    <keyboard-shortcut first-keystroke="shift alt minus" />
  </action>
  <action id="Unsplit">
    <keyboard-shortcut first-keystroke="shift alt u" />
  </action>
  <action id="UnsplitAll">
    <keyboard-shortcut first-keystroke="shift alt e" />
  </action>
  <action id="WelcomeScreen.Configure.Import">
    <keyboard-shortcut first-keystroke="shift ctrl alt comma" />
  </action>
</keymap>