<keymap version="1" name="Windows copy 1" parent="$default">
  <action id="ActivateAIAssistantToolWindow">
    <keyboard-shortcut first-keystroke="alt a" second-keystroke="i" />
  </action>
  <action id="ActivateBigDataToolWindowToolWindow">
    <keyboard-shortcut first-keystroke="shift ctrl alt b" />
  </action>
  <action id="Back">
    <keyboard-shortcut first-keystroke="ctrl alt left" />
  </action>
  <action id="CloseAllEditors">
    <keyboard-shortcut first-keystroke="shift alt w" />
  </action>
  <action id="CloseContent">
    <keyboard-shortcut first-keystroke="alt w" />
  </action>
  <action id="EditorToggleUseSoftWraps">
    <keyboard-shortcut first-keystroke="alt z" />
  </action>
  <action id="Forward">
    <keyboard-shortcut first-keystroke="ctrl alt right" />
  </action>
  <action id="HTTPClient.NewRequestInToolMenuAction">
    <keyboard-shortcut first-keystroke="shift ctrl alt r" />
  </action>
  <action id="Images.Thumbnails.Hide" />
  <action id="MTDockToolWindows">
    <keyboard-shortcut first-keystroke="alt d" />
  </action>
  <action id="MTUndockToolWindows">
    <keyboard-shortcut first-keystroke="alt minus" />
  </action>
  <action id="MaximizeEditorInSplit">
    <keyboard-shortcut first-keystroke="shift alt n" />
  </action>
  <action id="NextSplitter">
    <keyboard-shortcut first-keystroke="shift alt x" />
  </action>
  <action id="OpenInRightSplit">
    <mouse-shortcut keystroke="alt button1 doubleClick" />
  </action>
  <action id="PrevSplitter">
    <keyboard-shortcut first-keystroke="shift alt y" />
  </action>
  <action id="SplitHorizontally">
    <keyboard-shortcut first-keystroke="shift alt 2" />
  </action>
  <action id="SplitVertically">
    <keyboard-shortcut first-keystroke="shift alt 1" />
  </action>
  <action id="StretchSplitToBottom">
    <keyboard-shortcut first-keystroke="shift alt 5" />
  </action>
  <action id="StretchSplitToLeft">
    <keyboard-shortcut first-keystroke="shift alt l" />
  </action>
  <action id="StretchSplitToRight">
    <keyboard-shortcut first-keystroke="shift alt 7" />
  </action>
  <action id="StretchSplitToTop">
    <keyboard-shortcut first-keystroke="shift alt t" />
  </action>
  <action id="Terminal.CloseTab" />
  <action id="Unsplit">
    <keyboard-shortcut first-keystroke="shift alt 3" />
  </action>
  <action id="UnsplitAll">
    <keyboard-shortcut first-keystroke="shift alt 4" />
  </action>
</keymap>