<application>
  <component name="GraziConfig">
    <option name="suppressingContext">
      <SuppressingContext>
        <option name="suppressed">
          <set>
            <option value="handled|All the complexities of establishing and maintaining a network connection, and handling cache native data types, operators, and functions of your cache instance, are handled by this module." />
            <option value="validation|- Restructured cache module - Updated submodule constants and logs - Updated method signatures for IOperations in cache module and removed HMGetAll - Removed connection adapter from cache module and added model.go to cache module internal - Added CacheType validation" />
            <option value="not empty|queue not empty" />
          </set>
        </option>
      </SuppressingContext>
    </option>
    <option name="checkingContext">
      <CheckingContext>
        <option name="isCheckInStringLiteralsEnabled" value="true" />
        <option name="enabledLanguages">
          <set>
            <option value="Rust" />
          </set>
        </option>
      </CheckingContext>
    </option>
  </component>
</application>