<application>
  <component name="GeneralSettings">
    <option name="showTipsOnStartup" value="true" />
    <option name="autoSaveIfInactive" value="true" />
    <option name="confirmExit" value="false" />
    <option name="confirmOpenNewProject2" value="-1" />
    <option name="processCloseConfirmation" value="TERMINATE" />
    <option name="inactiveTimeout" value="5" />
  </component>
  <component name="Registry">
    <entry key="suggest.all.run.configurations.from.context" value="true" />
    <entry key="ide.experimental.ui" value="true" />
    <entry key="debugger.new.tool.window.layout" value="true" />
    <entry key="terminal.new.ui" value="true" />
    <entry key="ide.balloon.shadow.size" value="0" />
  </component>
  <component name="StatusBar">
    <option name="widgets">
      <map>
        <entry key="CodeStyleStatusBarWidget" value="false" />
        <entry key="CodiumAI" value="false" />
        <entry key="CwmWireStatsWidgetFactory" value="false" />
        <entry key="Encoding" value="false" />
        <entry key="FlowJSInfo" value="false" />
        <entry key="LineSeparator" value="false" />
        <entry key="Notifications" value="false" />
        <entry key="Position" value="false" />
        <entry key="ReadOnlyAttribute" value="false" />
        <entry key="VFS_REFRESH" value="true" />
        <entry key="WakaTime" value="false" />
        <entry key="com.intellij.psi.codeStyle.statusbar.CodeStyleStatusBarWidget" value="false" />
        <entry key="mtProjectFactory" value="false" />
        <entry key="mtThemeFactory" value="false" />
        <entry key="webDeployment.default.server.widget" value="false" />
      </map>
    </option>
  </component>
</application>