<application>
  <component name="LafManager">
    <laf themeId="OCEANIC" />
    <lafs-to-previous-schemes>
      <laf-to-scheme laf="Arc Dark (Material)" scheme="_@user_Arc Dark (Material)" />
      <laf-to-scheme laf="DARKER" scheme="_@user_Night Owl (Material)" />
      <laf-to-scheme laf="Darcula" scheme="Material Space" />
      <laf-to-scheme laf="ExperimentalDark" scheme="Material Space" />
      <laf-to-scheme laf="FOREST" scheme="_@user_Solarized (dark)" />
      <laf-to-scheme laf="Material Darker" scheme="_@user_Night Owl (Material)" />
      <laf-to-scheme laf="Material Deep Ocean" scheme="_@user_Material Deep Ocean" />
      <laf-to-scheme laf="Material Forest" scheme="_@user_Solarized (dark)" />
      <laf-to-scheme laf="Material Palenight" scheme="_@user_Material Palenight" />
      <laf-to-scheme laf="MyGruvbox" scheme="_@user_MyGruvbox" />
      <laf-to-scheme laf="Sepia" scheme="_@user_Default" />
      <laf-to-scheme laf="Solarized Dark" scheme="_@user_Solarized Dark (4lex4)" />
      <laf-to-scheme laf="Solarized Light" scheme="_@user_Solarized Light (4lex4)" />
      <laf-to-scheme laf="Solarized Light (Material)" scheme="_@user_Solarized Light (Material)" />
      <laf-to-scheme laf="SynthWave '84 (Material)" scheme="_@user_SynthWave '84 (Material)" />
    </lafs-to-previous-schemes>
  </component>
</application>