<application>
  <component name="SettingsSyncSettings">
    <option name="disabledSubcategories">
      <map>
        <entry key="PLUGINS">
          <value>
            <list>
              <option value="codiumai.codiumai" />
              <option value="com.chriscarini.jetbrains.automatic-github-issue-navigation-configuration-jetbrains-plugin" />
              <option value="com.intellij.bigdatatools.core" />
              <option value="com.intellij.bigdatatools.kafka" />
              <option value="com.intellij.grazie.pro" />
              <option value="com.intellij.plugins.xwinkeymap" />
              <option value="com.jetbrains.edu" />
              <option value="com.jetbrains.space" />
              <option value="com.lilittlecat.intellij-chatgpt" />
              <option value="com.wakatime.intellij.plugin" />
              <option value="org.toml.lang" />
              <option value="ru.adelf.idea.dotenv" />
            </list>
          </value>
        </entry>
      </map>
    </option>
    <option name="migrationFromOldStorageChecked" value="true" />
    <option name="syncEnabled" value="true" />
  </component>
</application>