<application>
  <component name="CachedDictionaryState">
    <words>
      <w>cannotbeemtpy</w>
      <w>chaincodes</w>
      <w>commitlint</w>
      <w>datalink</w>
      <w>errcheck</w>
      <w>fieldalignment</w>
      <w>githooks</w>
      <w>gobin</w>
      <w>godef</w>
      <w>goimports</w>
      <w>golangci</w>
      <w>golint</w>
      <w>gopls</w>
      <w>goroot</w>
      <w>gqlgen</w>
      <w>mongo</w>
      <w>orderer</w>
      <w>org's</w>
      <w>postgre</w>
      <w>sctp</w>
      <w>staticcheck</w>
      <w>tful</w>
      <w>trivy</w>
      <w>vitess</w>
    </words>
  </component>
</application>